City_ID,City,Lat,Lng,Max Temp,Humidity,Cloudiness,Wind Speed,Country,Date
0,blackmans bay,-43.0167,147.3167,282.33,76,90,0.45,AU,1712094732
1,hawaiian paradise park,19.5933,-154.9731,299.19,80,75,7.2,US,1712094733
2,adamstown,-25.066,-130.1015,297.04,73,62,12.48,PN,1712094733
3,matthew town,20.95,-73.6667,299.59,69,97,7.31,BS,1712094733
4,albany,42.6001,-73.9662,281.38,82,100,0.45,US,1712094734
5,grytviken,-54.2811,-36.5092,277.02,75,18,3.97,GS,1712094734
6,vondrozo,-22.8167,47.2833,291.91,99,98,1.25,MG,1712094734
7,dryden,49.7833,-92.7503,278.31,48,100,3.09,CA,1712094734
8,piti village,13.4626,144.6933,300.54,87,75,3.09,GU,1712094734
9,san pedro ayampuc,14.7867,-90.4511,303.25,27,3,4.17,GT,1712094735
10,lormi,22.2833,81.7333,300.13,25,100,1.83,IN,1712094735
11,la passe,45.5549,-0.8967,285.28,92,100,8.69,FR,1712094735
12,nellikkuppam,11.7667,79.6833,298.97,90,71,3.26,IN,1712094735
13,wailua homesteads,22.0669,-159.378,300.39,70,75,9.26,US,1712094736
14,east london,-33.0153,27.9116,292.19,69,11,3.4,ZA,1712094736
15,margaret river,-33.95,115.0667,282.78,89,0,4.24,AU,1712094736
16,badger,64.8,-147.5333,263.14,61,75,3.6,US,1712094736
17,port-aux-francais,-49.35,70.2167,280.18,78,87,13.45,TF,1712094737
18,haiku-pauwela,20.9219,-156.3051,300.49,69,40,9.77,US,1712094737
19,punta arenas,-53.15,-70.9167,280.21,65,20,7.72,CL,1712094635
20,hit,33.6416,42.8251,297.67,21,0,2.9,IQ,1712094737
21,bredasdorp,-34.5322,20.0403,289.32,86,51,1.37,ZA,1712094737
22,kavaratti,10.5669,72.642,301.6,74,83,2.66,IN,1712094738
23,kakamigahara,35.4167,136.8667,287.73,66,75,0.51,JP,1712094738
24,invercargill,-46.4,168.35,287.6,80,100,2.24,NZ,1712094467
25,whitehorse,60.7161,-135.0538,275.98,51,75,2.57,CA,1712094738
26,belyy yar,53.6039,91.3903,278.09,60,0,3.0,RU,1712094738
27,gadzhiyevo,69.2551,33.3362,254.36,98,35,3.45,RU,1712094739
28,margate,51.3813,1.3862,283.32,92,100,4.47,GB,1712094739
29,olonkinbyen,70.9221,-8.7187,269.22,63,73,6.2,SJ,1712094739
30,aral,40.5156,81.2636,283.47,34,3,2.78,CN,1712094739
31,oyama,36.3,139.8,287.92,54,100,1.64,JP,1712094740
32,jamestown,42.097,-79.2353,285.92,87,100,5.14,US,1712094632
33,port alfred,-33.5906,26.891,289.36,87,70,0.45,ZA,1712094699
34,kourou,5.1552,-52.6478,302.18,85,24,3.35,GF,1712094740
35,atafu village,-8.5421,-172.5159,302.36,72,61,1.47,TK,1712094741
36,vila franca do campo,37.7167,-25.4333,291.42,99,88,9.1,PT,1712094741
37,college,64.8569,-147.8028,263.19,57,75,3.6,US,1712094741
38,touros,-5.1989,-35.4608,300.53,82,63,2.47,BR,1712094243
39,edinburgh of the seven seas,-37.0676,-12.3116,288.98,77,91,7.12,SH,1712094742
40,penzance,50.1186,-5.5371,285.53,88,88,13.61,GB,1712094696
41,ayabaca,-4.6398,-79.7149,281.7,95,100,0.28,PE,1712094742
42,nar'yan-mar,67.6713,53.087,253.21,93,5,3.58,RU,1712094742
43,puerto ayora,-0.7393,-90.3518,302.13,90,91,1.34,EC,1712094742
44,ust'-ilimsk,58.0006,102.6619,266.17,94,100,1.79,RU,1712094743
45,kamennomostskiy,44.2983,40.1856,287.77,58,81,2.61,RU,1712094743
46,kamthi,21.2333,79.2,299.34,21,89,2.32,IN,1712094743
47,lerwick,60.1545,-1.1494,278.15,62,100,12.98,GB,1712094743
48,tura,25.5198,90.2201,293.86,62,45,2.35,IN,1712094744
49,port elizabeth,-33.918,25.5701,291.66,76,0,7.2,ZA,1712094564
50,zheleznogorsk-ilimskiy,56.5768,104.1217,259.47,95,92,1.34,RU,1712094744
51,porto velho,-8.7619,-63.9039,305.18,62,40,1.03,BR,1712094645
52,afaahiti,-17.75,-149.2833,302.08,76,64,8.32,PF,1712094745
53,conduaga,8.862,117.4893,297.64,83,7,1.73,PH,1712094745
54,weno,7.4515,151.8468,300.12,94,100,4.63,FM,1712094745
55,lionel town,17.8101,-77.2406,304.09,62,99,5.11,JM,1712094745
56,port lincoln,-34.7333,135.8667,288.59,76,96,2.57,AU,1712094745
57,konarka,19.9,86.1167,300.37,87,0,7.64,IN,1712094746
58,aasiaat,68.7098,-52.8699,264.99,90,87,1.96,GL,1712094746
59,coquimbo,-29.9533,-71.3436,291.0,77,20,3.6,CL,1712094497
60,kristiansund,63.1115,7.732,273.18,64,40,7.72,NO,1712094746
61,gafargaon,24.4333,90.5667,296.71,95,67,1.74,BD,1712094746
62,mossel bay,-34.1831,22.146,290.24,88,66,1.23,ZA,1712094747
63,portland,45.5234,-122.6762,297.9,42,0,2.68,US,1712094530
64,okhotsk,59.3833,143.3,264.24,71,9,7.1,RU,1712094747
65,ushuaia,-54.8,-68.3,278.96,70,75,2.57,AR,1712094747
66,port mathurin,-19.6833,63.4167,299.8,81,100,7.17,MU,1712094747
67,camiri,-20.05,-63.5167,304.03,58,75,2.06,BO,1712094748
68,guerrero negro,27.9769,-114.0611,294.71,43,0,4.57,MX,1712094748
69,al jawf,29.5,38.75,294.57,24,3,4.87,SA,1712094748
70,iqaluit,63.7506,-68.5145,273.0,93,100,3.09,CA,1712094748
71,urengoy,65.9667,78.3667,270.82,96,100,9.37,RU,1712094749
72,dubinino,55.6192,89.0911,273.34,95,98,2.0,RU,1712094749
73,saldanha,-33.0117,17.9442,289.18,84,100,6.65,ZA,1712094749
74,plastun,44.7561,136.2939,274.76,56,27,1.7,RU,1712094749
75,san patricio,28.017,-97.5169,304.12,24,0,7.95,US,1712094749
76,sandnessjoen,66.0217,12.6316,267.27,53,20,5.66,NO,1712094750
77,susuman,62.7833,148.1667,255.26,78,9,1.17,RU,1712094751
78,kerikeri,-35.2268,173.9474,293.11,55,5,0.5,NZ,1712094751
79,daru,-9.0763,143.2092,300.48,85,80,0.87,PG,1712094751
80,prince rupert,54.3161,-130.3201,281.2,66,75,6.69,CA,1712094752
81,auki,-8.7676,160.7034,299.65,88,100,2.41,SB,1712094752
82,kingston,17.997,-76.7936,303.68,67,20,11.32,JM,1712094353
83,georgetown,5.4112,100.3354,301.11,89,20,1.54,MY,1712094752
84,waitangi,-43.9535,-176.5597,287.49,94,100,2.24,NZ,1712094752
85,vilyuchinsk,52.9306,158.4028,274.3,76,100,3.81,RU,1712094753
86,okha,53.5739,142.9478,266.6,88,95,4.87,RU,1712094753
87,bandundu,-3.3167,17.3667,297.6,82,95,1.41,CD,1712094753
88,nizhnesortymskiy,62.4397,71.7603,274.84,100,100,9.51,RU,1712094753
89,prineville,44.2999,-120.8345,298.97,26,0,4.12,US,1712094753
90,utrik,11.2278,169.8474,299.93,74,100,7.66,MH,1712094754
91,mili,6.0815,171.735,301.24,78,100,7.96,MH,1712094754
92,ust-nera,64.5667,143.2,257.24,92,69,0.88,RU,1712094754
93,ciudad lazaro cardenas,17.9583,-102.2,301.06,64,95,5.94,MX,1712094749
94,baganga,7.5739,126.56,297.68,86,19,2.04,PH,1712094754
95,nuku'alofa,-21.1333,-175.2,300.34,83,75,6.69,TO,1712094701
96,pisco,-13.7,-76.2167,299.18,61,75,6.69,PE,1712094755
97,dudinka,69.4058,86.1778,259.08,90,100,2.24,RU,1712094755
98,lazaro cardenas,17.9583,-102.2,301.06,64,95,5.94,MX,1712094749
99,squamish,49.7014,-123.1512,287.07,92,100,3.6,CA,1712094637
100,nemuro,43.3236,145.575,274.28,68,1,2.88,JP,1712094757
101,bilibino,68.0546,166.4372,254.86,72,5,1.09,RU,1712094757
102,novyy turtkul',41.55,61.0167,281.1,47,8,3.82,UZ,1712094757
103,marang,5.2056,103.2059,300.1,88,72,1.02,MY,1712094758
104,saint-pierre,-21.3393,55.4781,297.97,78,75,13.38,RE,1712094758
105,tiksi,71.6872,128.8694,249.58,95,79,2.51,RU,1712094758
106,kaffrine,14.1059,-15.5508,303.58,26,0,7.71,SN,1712094758
107,queenstown,-31.8976,26.8753,285.38,94,42,1.54,ZA,1712094759
108,lethem,3.3803,-59.7968,308.56,34,99,2.82,GY,1712094759
109,flying fish cove,-10.4217,105.6791,299.97,89,100,4.12,CX,1712094759
110,west island,-12.1568,96.8225,300.14,78,40,3.6,CC,1712094759
111,roxas,11.5853,122.7511,298.23,83,92,4.84,PH,1712094759
112,port moresby,-9.4431,147.1797,299.8,86,100,1.04,PG,1712094760
113,kailua-kona,19.6406,-155.9956,300.13,81,0,4.63,US,1712094760
114,tazovsky,67.4667,78.7,269.11,96,100,7.7,RU,1712094760
115,constantia,44.1833,28.65,286.53,56,97,3.49,RO,1712094727
116,sitka,57.0531,-135.33,279.09,75,75,4.63,US,1712094760
117,avarua,-21.2078,-159.775,302.18,70,75,4.63,CK,1712094761
118,minas de marcona,-15.2119,-75.1103,293.1,67,84,5.14,PE,1712094761
119,hakenfelde,52.561,13.1968,285.38,79,100,4.02,DE,1712094761
120,glace bay,46.1969,-59.957,276.25,94,100,6.17,CA,1712094761
121,yellowknife,62.456,-114.3525,274.49,68,75,5.14,CA,1712094762
122,lev tolstoy,53.2134,39.446,286.33,61,74,7.4,RU,1712094762
123,shiguai,40.7058,110.2856,278.88,42,70,1.44,CN,1712094762
124,selfoss,63.9331,-20.9971,273.17,90,100,4.56,IS,1712094762
125,bayanhongor,46.7167,100.1167,270.38,48,100,1.1,MN,1712094762
126,uturoa,-16.7333,-151.4333,301.6,75,19,8.5,PF,1712094763
127,kilindoni,-7.9139,39.6668,301.08,81,100,4.98,TZ,1712094763
128,san clemente del tuyu,-36.3569,-56.7235,290.92,62,77,6.12,AR,1712094543
129,prado,-17.3411,-39.2208,298.7,88,84,1.47,BR,1712094544
130,askoy,60.4092,5.226,278.57,100,0,1.03,NO,1712094763
131,namibe,-15.1961,12.1522,296.59,77,35,3.2,AO,1712094763
132,carnarvon,-24.8667,113.6333,301.06,42,61,7.61,AU,1712094764
133,lebu,-37.6167,-73.65,286.95,78,100,2.62,CL,1712094625
134,tamanrasset,22.785,5.5228,296.1,9,0,2.06,DZ,1712094764
135,hermanus,-34.4187,19.2345,286.37,82,49,4.15,ZA,1712094764
136,puerto natales,-51.7236,-72.4875,278.4,75,40,7.72,CL,1712094764
137,mount gambier,-37.8333,140.7667,286.49,87,96,2.12,AU,1712094765
138,vila do maio,15.1333,-23.2167,295.59,78,9,8.14,CV,1712094765
139,stanley,54.868,-1.6985,280.92,97,40,1.03,GB,1712094765
140,sinabang,2.4803,96.3801,300.33,80,99,1.0,ID,1712094765
141,san rafael del yuma,18.4299,-68.6739,303.26,65,64,6.32,DO,1712094765
142,al bawiti,28.3492,28.8659,292.58,36,0,4.01,EG,1712094766
143,midvagur,62.0511,-7.1939,275.61,55,75,4.63,FO,1712094766
144,bubaque,11.2833,-15.8333,297.89,73,8,9.49,GW,1712094766
145,ar rutbah,33.0381,40.2848,293.51,26,5,3.1,IQ,1712094766
146,ancud,-41.8697,-73.8203,283.91,79,59,7.19,CL,1712094613
147,whakatane,-37.9585,176.9854,291.97,99,98,1.34,NZ,1712094767
148,pandan,14.0453,124.1694,298.21,81,94,3.73,PH,1712094767
149,yeniseysk,58.4497,92.1703,273.12,100,100,4.02,RU,1712094767
150,raja,8.4596,25.678,304.48,24,99,1.46,SS,1712094768
151,palestine,31.9216,35.2033,293.64,50,0,1.15,PS,1712094769
152,khandud,36.9513,72.318,271.28,84,100,1.69,AF,1712094769
153,callao,-12.0667,-77.15,298.31,65,0,7.2,PE,1712094769
154,lautoka,-17.6167,177.4667,302.07,74,75,1.54,FJ,1712094769
155,thompson,55.7435,-97.8558,275.24,64,100,0.0,CA,1712094769
156,oamaru,-45.0784,170.9801,285.03,89,99,4.61,NZ,1712094771
157,swakopmund,-22.6833,14.5333,288.7,88,0,1.55,NA,1712094771
158,mount pearl,47.5166,-52.7813,274.34,90,75,9.77,CA,1712094771
159,isangel,-19.55,169.2667,299.21,89,75,0.0,VU,1712094768
160,fereydunshahr,32.941,50.121,279.28,52,95,2.01,IR,1712094771
161,ilulissat,69.2167,-51.1,270.16,74,75,2.57,GL,1712094772
162,petropavlovsk-kamchatsky,53.0452,158.6483,273.48,82,75,6.26,RU,1712094772
163,dhuusamarreeb,5.535,46.3861,299.61,76,94,3.1,SO,1712094772
164,trairi,-3.2778,-39.2689,298.94,90,97,1.6,BR,1712094771
165,quimili,-27.6333,-62.4167,293.81,85,100,0.52,AR,1712094772
166,bethel,41.3712,-73.414,280.68,85,100,0.89,US,1712094773
167,tsetserleg,47.475,101.4542,270.76,42,87,1.11,MN,1712094773
168,hobyo,5.3505,48.5268,301.5,75,22,4.55,SO,1712094773
169,hanceville,34.0607,-86.7675,299.01,64,100,5.75,US,1712094773
170,ribeira grande,38.5167,-28.7,289.23,79,100,12.4,PT,1712094773
171,areka,7.0667,37.7,290.08,90,100,0.7,ET,1712094774
172,iskateley,67.6803,53.1512,253.16,93,5,3.58,RU,1712094774
173,san rafael,-34.6177,-68.3301,298.58,26,36,4.53,AR,1712094774
174,kurlovo,55.4325,40.4854,285.63,75,100,4.6,RU,1712094774
175,keminmaa,65.8596,24.8228,265.02,57,0,3.6,FI,1712094774
176,tolanaro,-25.0319,46.9987,296.19,83,75,2.57,MG,1712094775
177,nong khae,14.3406,100.8673,302.74,78,73,4.03,TH,1712094775
178,atar,20.5169,-13.0499,305.49,16,50,4.16,MR,1712094775
179,san antonio de pale,-1.4014,5.6325,301.92,75,75,2.15,GQ,1712094775
180,vallenar,-28.5708,-70.7581,297.16,49,0,2.54,CL,1712094776
181,kruisfontein,-34.0033,24.7314,288.09,86,56,3.73,ZA,1712094776
182,hotan,37.0997,79.9269,282.69,25,35,2.3,CN,1712094776
183,port saint john's,-31.6229,29.5448,294.85,78,100,3.23,ZA,1712094776
184,barreirinha,-2.7933,-57.07,298.43,95,100,1.58,BR,1712094777
185,kodiak,57.79,-152.4072,272.88,40,0,7.72,US,1712094596
186,nalut,30.3333,10.85,295.19,31,97,8.57,LY,1712094778
187,misratah,32.3754,15.0925,290.49,75,0,5.55,LY,1712094778
188,moyynkum,44.2914,72.9469,279.84,53,67,3.74,KZ,1712094778
189,seven pagodas,12.6264,80.1722,301.18,85,82,3.71,IN,1712094778
190,puerto lopez,4.0845,-72.956,302.04,74,100,0.87,CO,1712094779
191,baiyin,36.5583,104.2081,279.69,63,100,1.64,CN,1712094779
192,fort st. john,56.2499,-120.8529,285.09,37,75,11.32,CA,1712094680
193,mogocha,53.7333,119.7667,263.89,93,85,1.81,RU,1712094779
194,san luis de la loma,17.2706,-100.8939,302.05,63,59,5.83,MX,1712094780
195,fale old settlement,-9.3852,-171.2468,302.45,73,70,1.56,TK,1712094780
196,karsun,54.1994,46.9827,282.66,76,75,4.98,RU,1712094780
197,cimislia,46.52,28.7842,285.23,55,4,4.05,MD,1712094780
198,markovo,57.3206,107.0881,257.03,99,66,1.4,RU,1712094781
199,talnakh,69.4865,88.3972,260.24,80,100,4.23,RU,1712094781
200,can giuoc,10.6167,106.6667,301.17,80,83,2.31,VN,1712094781
201,taytay,14.5678,121.1394,300.39,78,20,2.06,PH,1712094781
202,bazarnyy syzgan,53.7512,46.7535,282.23,76,52,5.46,RU,1712094781
203,nova sintra,14.8667,-24.7167,292.84,79,22,10.77,CV,1712094782
204,puerto carreno,6.189,-67.4859,299.14,94,95,3.09,CO,1712094782
205,labytnangi,66.6572,66.4183,263.96,84,57,6.74,RU,1712094782
206,karatau,43.1667,70.4667,280.5,62,73,0.84,KZ,1712094782
207,nuuk,64.1835,-51.7216,272.49,80,0,5.14,GL,1712094630
208,sungai penuh,-2.0833,101.3833,292.95,97,91,1.07,ID,1712094783
209,matsue,35.4722,133.0506,287.15,94,100,5.14,JP,1712094783
210,santo antonio do ica,-3.1022,-67.9397,301.1,82,96,1.01,BR,1712094783
211,tofol,5.3248,163.0078,301.21,80,100,9.21,FM,1712094783
212,chonchi,-42.6128,-73.8092,281.46,92,94,3.55,CL,1712094785
213,la ronge,55.1001,-105.2842,282.29,31,75,4.63,CA,1712094785
214,burutu,5.3509,5.5076,301.11,82,100,1.84,NG,1712094785
215,saint-junien,45.8833,0.9,283.47,96,100,3.72,FR,1712094785
216,hamilton,39.1834,-84.5333,295.84,82,100,7.72,US,1712094766
217,flin flon,54.7682,-101.865,281.06,39,20,3.6,CA,1712094786
218,howrah,22.5892,88.3103,301.15,83,7,0.0,IN,1712094786
219,yelizovo,53.1873,158.3805,274.23,55,75,1.0,RU,1712094786
220,chubek,37.6137,69.7061,284.19,91,100,2.98,TJ,1712094786
221,eldorado,-23.7869,-54.2836,300.33,54,64,2.26,BR,1712094236
222,ogoja,6.6547,8.7976,299.94,67,97,4.55,NG,1712094788
223,sierra grande,-41.606,-65.3557,293.77,31,100,18.14,AR,1712094756
224,sao francisco,-15.9486,-44.8644,296.13,92,100,0.75,BR,1712094789
225,papatowai,-46.5619,169.4708,286.89,70,100,1.75,NZ,1712094789
226,geraldton,-28.7667,114.6,296.38,38,69,5.66,AU,1712094789
227,happy valley-goose bay,53.3168,-60.3315,275.32,75,75,7.2,CA,1712094789
228,gorgan,36.8387,54.4348,280.13,93,0,0.0,IR,1712094790
229,bagayevskaya,47.32,40.38,288.64,65,100,3.67,RU,1712094790
230,ataq,14.5377,46.8319,295.53,58,90,1.24,YE,1712094790
231,qaqortoq,60.7167,-46.0333,266.88,82,0,1.43,GL,1712094790
232,ubinskoye,55.3068,79.6802,273.41,98,100,2.37,RU,1712094790
233,keflavik,64.0049,-22.5624,274.1,100,100,6.17,IS,1712094791
234,banes,20.9625,-75.7186,299.48,67,47,7.03,CU,1712094791
235,tvoroyri,61.5556,-6.8111,277.01,57,100,12.46,FO,1712094791
236,new norfolk,-42.7826,147.0587,282.99,83,70,1.06,AU,1712094792
237,vorgashor,67.5833,63.95,256.52,91,100,8.64,RU,1712094535
238,muisne,0.6,-80.0333,298.0,91,100,1.44,EC,1712094792
239,tanjung pandan,-2.75,107.65,298.82,91,59,1.32,ID,1712094792
240,akouda,35.8691,10.5653,289.38,66,1,2.51,TN,1712094793
241,bojnurd,37.4747,57.329,276.12,87,0,1.03,IR,1712094793
242,pacasmayo,-7.4006,-79.5714,297.05,72,62,5.24,PE,1712094793
243,yerofey pavlovich,53.9667,121.9667,266.0,85,54,2.1,RU,1712094793
244,sovetskiy,61.3614,63.5842,276.98,99,100,5.36,RU,1712094794
245,longyearbyen,78.2186,15.6401,256.06,71,75,5.66,SJ,1712094603
246,kill devil hills,36.0307,-75.676,296.15,75,0,4.63,US,1712094794
247,tutoia,-2.7619,-42.2744,299.92,87,100,2.56,BR,1712094794
248,santa terezinha,-29.9002,-50.0904,294.76,83,97,3.63,BR,1712094795
249,robit,12.0167,39.6333,291.59,87,90,1.54,ET,1712094795
250,saint-francois,46.4154,3.9054,284.62,69,0,1.54,FR,1712094795
251,farim,12.4839,-15.2217,302.05,34,4,2.32,GW,1712094795
252,jiuquan,39.7432,98.5174,281.49,42,95,3.59,CN,1712094795
253,ak-dovurak,51.1833,90.6,271.54,95,100,0.45,RU,1712094796
254,waingapu,-9.6567,120.2641,299.15,81,100,1.56,ID,1712094796
255,las palmas de gran canaria,28.0997,-15.4134,293.22,68,20,5.14,ES,1712094653
256,porto murtinho,-21.6989,-57.8825,303.61,57,83,2.56,BR,1712094796
257,mankono,8.0586,-6.1897,303.8,48,29,2.15,CI,1712094796
258,hadibu,12.65,54.0333,299.62,76,90,3.33,YE,1712094797
259,camana,-16.6228,-72.7111,295.59,73,22,2.53,PE,1712094797
260,juuka,63.2333,29.25,268.12,89,100,6.47,FI,1712094797
261,taulaga,-11.0553,-171.0883,300.85,81,100,4.5,AS,1712094797
262,zaozersk,69.4005,32.4476,255.16,97,61,3.12,RU,1712094798
263,klyuchi,52.2667,79.1667,273.36,95,91,2.91,RU,1712094798
264,newport,51.5877,-2.9984,284.69,95,98,5.86,GB,1712094653
265,aplahoue,6.9333,1.6833,300.97,77,100,2.87,BJ,1712094798
266,crane,31.3974,-102.3501,292.36,22,81,6.8,US,1712094799
267,bikramganj,25.2,84.25,297.93,20,99,2.77,IN,1712094799
268,kasama,-10.2129,31.1808,289.98,98,26,1.7,ZM,1712094799
269,ranot,7.7777,100.3213,301.36,77,93,2.32,TH,1712094799
270,palikir - national government center,6.9248,158.1611,301.56,74,75,6.17,FM,1712094799
271,fujin,47.26,132.0322,274.4,80,98,2.33,CN,1712094800
272,lompoc,34.6391,-120.4579,295.34,57,0,6.17,US,1712094798
273,porto novo,6.4965,2.6036,304.05,82,90,3.62,BJ,1712094800
274,enewetak,11.3474,162.3373,299.91,83,94,9.88,MH,1712094800
275,gizo,-8.103,156.8419,301.48,78,88,2.89,SB,1712094800
276,tralee,52.2704,-9.7026,280.75,96,100,1.64,IE,1712094801
277,malabar,-33.9667,151.25,293.78,59,40,2.57,AU,1712094801
278,kapuskasing,49.4169,-82.4331,280.15,26,75,5.66,CA,1712094801
279,kolonia,50.9333,6.95,284.85,83,40,4.12,DE,1712094665
280,katsuura,35.1333,140.3,289.16,77,97,4.39,JP,1712094802
281,mar del plata,-38.0023,-57.5575,292.16,67,0,15.2,AR,1712094602
282,andrews,32.3187,-102.5457,291.12,21,40,8.23,US,1712094568
283,guayaramerin,-10.8368,-65.3614,302.21,71,61,1.24,BO,1712094802
284,santa maria da boa vista,-8.8078,-39.8256,303.14,54,100,2.38,BR,1712094505
285,karachi,24.9056,67.0822,298.05,73,90,3.09,PK,1712094803
286,abhar,36.1468,49.218,281.79,49,100,0.34,IR,1712094803
287,nanjing,32.0617,118.7778,288.1,95,100,4.8,CN,1712094604
288,hithadhoo,-0.6,73.0833,301.49,75,80,1.86,MV,1712094803
289,alesund,62.4723,6.1549,276.35,55,48,13.89,NO,1712094602
290,itacarambi,-15.1022,-44.0919,296.67,91,100,1.17,BR,1712094804
291,malango,-2.9627,119.9001,293.81,97,100,0.48,ID,1712094804
292,hounde,11.5,-3.5167,310.46,14,94,5.11,BF,1712094804
293,kelibia,36.8476,11.0939,287.29,88,49,0.51,TN,1712094804
294,bambous,-20.2567,57.4061,298.68,90,100,0.45,MU,1712094544
295,taupo,-38.6833,176.0833,289.19,65,75,1.24,NZ,1712094805
296,aver-o-mar,41.4078,-8.7812,288.46,88,75,5.14,PT,1712094805
297,tehuixtla,18.55,-99.2667,309.79,10,66,4.52,MX,1712094805
298,conde,-7.2597,-34.9075,301.85,84,20,4.12,BR,1712094805
299,loa janan,-0.583,117.095,295.84,98,76,1.11,ID,1712094806
300,kawerau,-38.1,176.7,291.75,87,98,0.6,NZ,1712094806
301,broken hill,-31.95,141.4333,286.5,65,0,5.0,AU,1712094806
302,cockburn town,21.4612,-71.1419,298.15,78,12,7.63,TC,1712094806
303,nehe,48.4833,124.8333,272.56,79,18,2.34,CN,1712094807
304,mount isa,-20.7333,139.5,296.02,73,23,5.66,AU,1712094807
305,darwin,-12.4611,130.8418,299.14,93,75,2.57,AU,1712094807
306,mermoz boabab,14.7065,-17.4758,295.46,88,0,3.09,SN,1712094807
307,jiayuguan,39.8167,98.3,280.4,44,99,3.8,CN,1712094808
308,konstantinovka,49.6167,127.9833,272.39,79,90,2.02,RU,1712094808
309,boyolangu,-8.1181,111.8935,298.4,92,78,1.1,ID,1712094808
310,zhangjiakou shi xuanhua qu,40.6103,115.0447,283.42,56,100,2.12,CN,1712094808
311,quellon,-43.1167,-73.6167,282.14,82,99,7.04,CL,1712094809
312,machico,32.7,-16.7667,291.5,79,40,2.06,PT,1712094809
313,madhupur,24.25,86.65,299.54,18,62,2.67,IN,1712094809
314,cole harbour,44.6724,-63.4751,279.92,63,91,2.68,CA,1712094809
315,murray bridge,-35.1167,139.2667,286.67,71,47,1.78,AU,1712094809
316,richards bay,-28.783,32.0377,294.75,91,2,1.7,ZA,1712094679
317,lata,40.1629,-8.3327,283.74,98,16,1.96,PT,1712094810
318,negombo,7.2083,79.8358,299.18,94,75,0.51,LK,1712094810
319,rabaul,-4.1967,152.1721,300.76,74,75,0.15,PG,1712094810
320,oranjemund,-28.55,16.4333,288.77,88,19,3.63,NA,1712094810
321,lieksa,63.3167,30.0167,268.09,87,100,6.33,FI,1712094811
322,cabo san lucas,22.8909,-109.9124,298.76,53,19,4.14,MX,1712094545
323,udachny,66.4167,112.4,262.64,87,100,7.05,RU,1712094811
324,walvis bay,-22.9575,14.5053,288.76,88,1,2.06,NA,1712094811
325,talcahuano,-36.7167,-73.1167,288.97,77,100,3.6,CL,1712094812
326,sorong,-0.8833,131.25,299.82,85,91,3.91,ID,1712094812
327,kayangel,8.0823,134.7173,300.98,80,72,10.53,PW,1712094812
328,saipan,15.1355,145.701,300.73,1,75,4.63,MP,1712094812
329,klaksvik,62.2266,-6.589,274.66,58,100,11.53,FO,1712094812
330,sirte,31.2089,16.5887,291.23,85,0,4.09,LY,1712094813
331,tabou,4.423,-7.3528,301.05,87,38,2.66,CI,1712094813
332,sundsvall,62.3913,17.3063,268.13,63,100,6.17,SE,1712094813
333,southport,53.6478,-3.0065,283.62,91,100,4.16,GB,1712094813
334,gamba,-2.65,10.0,299.97,91,68,1.99,GA,1712094814
335,mhamid,29.82,-5.72,298.05,16,7,3.23,MA,1712094814
336,nouadhibou,20.931,-17.0347,294.14,60,0,7.72,MR,1712094815
337,malmberget,67.1753,20.6549,258.46,61,8,3.6,SE,1712094815
338,laguna,38.421,-121.4238,298.28,41,0,5.14,US,1712094243
339,safaga,26.7292,33.9365,298.24,51,1,1.25,EG,1712094815
340,kabalo,-6.05,26.9167,294.13,96,80,0.92,CD,1712094815
341,papao,-17.75,-149.55,302.97,75,32,8.79,PF,1712094816
342,isafjordur,66.0755,-23.124,267.69,74,12,2.64,IS,1712094816
343,shalkar,47.8288,59.6258,281.75,72,67,2.04,KZ,1712094816
344,charlottetown,46.2352,-63.1267,274.69,98,100,5.14,CA,1712094795
345,bel ombre,-4.6167,55.4167,300.06,83,20,1.03,SC,1712094817
346,kapa'a,22.0752,-159.319,301.14,69,75,9.26,US,1712094663
347,hadleigh,51.5527,0.6098,283.39,89,100,8.49,GB,1712094817
348,lubang,13.8584,120.124,300.08,81,20,8.72,PH,1712094817
349,kasongo-lunda,-6.4667,16.8167,294.85,93,100,0.47,CD,1712094817
350,essaouira,31.5125,-9.77,289.87,77,40,2.06,MA,1712094818
351,mawu,29.5923,107.3139,288.79,97,89,0.92,CN,1712094818
352,ballina,-28.8667,153.5667,296.92,76,9,1.84,AU,1712094818
353,andergrove,-21.0833,149.1833,299.06,78,20,3.91,AU,1712094693
354,kilju,40.9642,129.3278,279.82,61,100,1.2,KP,1712094818
355,ada,43.4166,-116.1262,293.64,35,0,3.6,US,1712094819
356,junin de los andes,-39.9504,-71.0694,283.01,78,85,7.77,AR,1712094819
357,kegeyli shahar,42.7767,59.6078,280.2,61,0,3.16,UZ,1712094819
358,cuilapan de guerrero,17.0,-96.7667,306.92,13,40,3.09,MX,1712094819
359,thunder bay,48.4001,-89.3168,278.14,48,100,4.12,CA,1712094719
360,puerto rosario,-24.45,-57.0833,305.36,44,83,1.34,PY,1712094820
361,vorkuta,67.5,64.0,257.04,91,100,8.83,RU,1712094820
362,dishna,26.1247,32.476,299.5,23,1,1.7,EG,1712094820
363,tazacorte,28.629,-17.9293,292.12,93,0,1.54,ES,1712094820
364,anadyr,64.75,177.4833,264.43,86,75,8.0,RU,1712094821
365,komarichi,52.4151,34.7905,287.54,69,100,7.38,RU,1712094821
366,astrakhan,46.3497,48.0408,280.08,81,0,3.0,RU,1712094821
367,kuznetsk,53.1167,46.6004,282.02,77,48,4.98,RU,1712094664
368,alofi,-19.0595,-169.9187,303.09,74,75,7.72,NU,1712094822
369,valdivia,-39.8142,-73.2459,288.2,89,57,1.5,CL,1712094768
370,axim,4.8699,-2.2405,300.82,87,83,2.7,GH,1712094822
371,bratsk,56.1325,101.6142,268.42,89,100,2.25,RU,1712094822
372,island harbour,50.724,-1.2758,284.22,90,100,5.36,GB,1712094822
373,nikolayevsk-on-amure,53.1406,140.73,268.13,92,95,1.64,RU,1712094823
374,kamloops,50.6665,-120.3192,292.7,39,75,9.77,CA,1712094680
375,obo,5.3998,26.4869,296.44,76,100,3.16,CF,1712094823
376,newnham,-41.3833,147.1333,283.68,71,100,4.63,AU,1712094823
377,tucumcari,35.1717,-103.725,289.79,26,40,9.77,US,1712094823
378,ketchikan,55.3422,-131.6461,279.14,93,100,3.6,US,1712094824
379,el khroub,36.2633,6.6936,284.64,66,0,1.54,DZ,1712094824
380,labrador city,52.9463,-66.9114,275.1,72,100,4.12,CA,1712094824
381,wau,7.7029,27.9953,302.51,43,93,2.78,SS,1712094824
382,eyl,7.9803,49.8164,300.22,75,42,5.58,SO,1712094824
383,fort bragg,35.139,-79.006,303.05,50,20,5.66,US,1712094825
384,dwarka,22.2394,68.9678,297.84,81,38,5.18,IN,1712094825
385,mabaruma,8.2,-59.7833,299.69,82,100,2.67,GY,1712094825
386,howard springs,-12.497,131.047,299.1,91,89,3.13,AU,1712094825
387,chipinge,-20.1883,32.6236,289.07,88,62,1.73,ZW,1712094825
388,petrolia,42.8668,-82.1498,280.16,93,100,7.2,CA,1712094826
389,ullal,12.8,74.85,300.68,89,20,1.03,IN,1712094826
390,vernon,50.2581,-119.2691,294.39,47,100,1.03,CA,1712094575
391,abbeville,50.1,1.8333,284.53,90,100,6.61,FR,1712094826
392,chibougamau,49.9168,-74.3659,275.94,44,0,4.12,CA,1712094826
393,greenville,35.6127,-77.3663,302.67,46,0,5.66,US,1712094531
394,yaren,-0.5472,166.916,300.87,77,94,1.98,NR,1712094827
395,el haouaria,37.05,11.0144,287.16,85,96,1.05,TN,1712094827
396,san juan bautista,-14.0108,-75.7358,298.99,56,97,6.13,PE,1712094828
397,laojunmiao,39.8333,97.7333,275.99,67,100,0.52,CN,1712094828
398,codrington,-38.2667,141.9667,286.79,86,79,3.3,AU,1712094828
399,nantucket,41.2835,-70.0995,280.42,70,100,4.12,US,1712094540
400,dongsheng,39.8161,109.9776,277.69,82,45,2.76,CN,1712094828
401,karlskoga,59.3267,14.5239,270.77,72,100,5.64,SE,1712094829
402,mocajuba,-2.5842,-49.5072,298.17,98,100,1.38,BR,1712094829
403,leava,-14.3,-178.1667,302.22,82,100,10.12,WF,1712094829
404,broome,42.2506,-75.833,280.21,94,100,7.2,US,1712094829
405,minab,27.1467,57.0801,296.62,63,68,0.97,IR,1712094830
406,praya,14.9215,-23.5087,295.45,78,20,9.26,CV,1712094830
407,kudahuvadhoo,2.6708,72.8944,301.53,71,100,0.98,MV,1712094830
408,topeka,39.0483,-95.678,288.03,53,40,10.29,US,1712094534
409,sarmiento,-45.5882,-69.07,281.56,74,100,8.51,AR,1712094830
410,inirida,3.8653,-67.9239,303.21,65,80,0.98,CO,1712094831
411,balkashino,52.5167,68.7667,270.43,95,74,2.23,KZ,1712094831
412,hammerfest,70.6634,23.6821,265.4,86,75,1.54,NO,1712094831
413,cozumel,20.5083,-86.9458,303.12,75,28,6.24,MX,1712094832
414,magadan,59.5667,150.8,264.86,67,1,2.85,RU,1712094832
415,kuqa,41.7278,82.9364,281.87,41,33,0.46,CN,1712094832
416,ati,13.2154,18.3353,303.14,11,99,4.81,TD,1712094832
417,chajul,15.4853,-91.0342,307.17,29,0,3.09,GT,1712094832
418,puerto deseado,-47.7503,-65.8938,283.18,66,100,5.02,AR,1712094833
419,manokwari,-0.8667,134.0833,299.22,82,100,1.42,ID,1712094833
420,hami,42.8,93.45,279.92,41,29,0.65,CN,1712094833
421,katghora,22.5,82.55,298.94,27,100,2.78,IN,1712094833
422,novyy urgal,51.0736,132.5642,266.98,92,100,0.8,RU,1712094833
423,manta,-0.95,-80.7333,301.03,78,75,5.81,EC,1712094834
424,corning,42.1428,-77.0547,280.99,90,100,2.24,US,1712094834
425,arraial do cabo,-22.9661,-42.0278,298.13,83,0,3.09,BR,1712094834
426,rawai,7.7797,98.3253,300.21,69,70,3.82,TH,1712094834
427,chinde,26.8418,88.0763,288.66,47,57,2.34,NP,1712094835
428,ta`u,-14.2336,-169.5144,302.4,79,100,7.86,AS,1712094835
429,batang berjuntai,3.3833,101.4167,300.18,94,62,0.9,MY,1712094835
430,netrakona,24.8833,90.7167,294.24,89,73,2.97,BD,1712094836
431,ujae,8.9322,165.7642,300.56,73,89,8.7,MH,1712094836
432,mammoth lakes,37.6485,-118.9721,286.55,23,0,3.09,US,1712094836
433,terra rica,-22.7094,-52.6169,299.31,66,87,1.66,BR,1712094781
434,amuntai,-2.4177,115.2494,296.9,97,97,1.11,ID,1712094837
435,amga,60.8953,131.9608,259.55,98,100,1.21,RU,1712094837
436,chos malal,-37.3781,-70.2709,285.14,67,85,8.56,AR,1712094837
437,yefremov,53.1481,38.0992,286.93,61,79,7.73,RU,1712094838
438,remire-montjoly,4.9167,-52.2667,302.17,79,100,5.14,GF,1712094838
439,xilin hot,43.9667,116.0333,273.07,41,74,1.57,CN,1712094838
440,neftegorsk,52.802,51.166,281.14,74,18,5.65,RU,1712094839
441,lodja,-3.4833,23.4333,294.0,97,91,0.41,CD,1712094839
442,wewak,-3.5534,143.6268,299.86,86,100,0.85,PG,1712094839
443,altay,47.8667,88.1167,273.7,68,10,2.45,CN,1712094839
444,ola,59.5833,151.2833,263.94,72,1,3.51,RU,1712094839
445,amahai,-3.3333,128.9167,299.06,88,100,3.15,ID,1712094840
446,puerto baquerizo moreno,-0.9,-89.6,302.7,84,20,5.14,EC,1712094738
447,aioun,16.6614,-9.6149,308.29,13,0,4.84,MR,1712094840
448,chelak,39.9203,66.8611,284.57,76,79,2.09,UZ,1712094840
449,orchha,25.35,78.65,300.51,19,100,1.74,IN,1712094841
450,fisterra,42.9049,-9.2629,287.45,92,23,8.89,ES,1712094841
451,black point,-34.6187,137.8972,289.27,68,92,2.25,AU,1712094841
452,paraiso,9.8383,-83.8656,300.63,65,28,1.26,CR,1712094841
453,riihimaki,60.7377,24.7773,272.93,99,100,6.28,FI,1712094841
454,barstow heights,34.8697,-117.0562,294.88,19,0,4.21,US,1712094842
455,yashan,22.1975,109.9419,297.44,88,77,4.53,CN,1712094842
456,guaruja,-23.9931,-46.2564,299.76,40,75,1.54,BR,1712094706
457,lihue,21.9789,-159.3672,300.73,69,75,9.26,US,1712094842
458,paczkow,50.464,17.0066,282.1,71,7,8.5,PL,1712094842
459,letlhakane,-21.4167,25.5833,295.15,45,90,5.94,BW,1712094843
460,quelimane,-17.8786,36.8883,296.62,94,61,0.98,MZ,1712094843
461,fortuna,40.5982,-124.1573,289.22,90,100,6.17,US,1712094843
462,thinadhoo,0.5333,72.9333,302.14,71,93,1.95,MV,1712094843
463,holualoa,19.6228,-155.9522,298.06,83,0,4.63,US,1712094843
464,saudarkrokur,65.7461,-19.6394,263.82,82,5,3.91,IS,1712094844
465,mejit,10.2753,170.8646,299.98,73,100,8.22,MH,1712094844
466,novyy urengoy,66.0833,76.6333,271.02,96,100,8.66,RU,1712094692
467,mokopane,-24.1944,29.0097,292.71,62,31,2.58,ZA,1712094844
468,stornoway,58.2093,-6.3865,280.13,85,100,10.8,GB,1712094844
469,alaghsas,17.0187,8.0168,304.13,7,93,4.92,NE,1712094845
470,san andres,12.5847,-81.7006,304.16,62,20,4.63,CO,1712094845
471,mandla,22.6,80.3833,299.39,27,99,0.83,IN,1712094845
472,kumbo,6.2,10.6667,293.66,59,100,1.64,CM,1712094845
473,muromtsevo,56.3724,75.2418,273.22,91,100,3.34,RU,1712094846
474,eastham,41.8301,-69.9739,280.9,76,100,3.6,US,1712094762
475,as sulayyil,20.4607,45.5779,292.29,57,100,3.45,SA,1712094847
476,ascension,30.2169,-90.9001,299.41,87,100,3.6,US,1712094847
477,wenchang,30.904,118.4887,289.12,96,100,3.32,CN,1712094847
478,vanimo,-2.6741,141.3028,299.62,88,95,1.42,PG,1712094848
479,vila velha,-20.3297,-40.2925,301.12,84,20,3.09,BR,1712094182
480,aripuana,-9.1667,-60.6333,299.44,83,99,0.75,BR,1712094848
481,yicheng,31.3705,119.8703,289.76,98,100,5.37,CN,1712094848
482,pacocha,-17.5833,-71.3333,297.23,57,0,2.57,PE,1712094849
483,novooleksiyivka,46.2269,34.6428,285.98,66,100,6.26,UA,1712094849
484,khandyga,62.6667,135.6,258.3,97,100,0.85,RU,1712094849
485,la penita de jaltomba,21.0333,-105.25,299.76,74,73,4.4,MX,1712094849
486,candeleda,40.1552,-5.2405,284.49,97,100,0.88,ES,1712094849
487,coahuayana de hidalgo,18.7,-103.6583,303.37,52,62,3.91,MX,1712094850
488,tobol,52.6844,62.5794,274.48,98,35,3.18,KZ,1712094850
489,manchester,53.4809,-2.2374,283.89,80,75,1.54,GB,1712094337
490,khorixas,-20.3667,14.9667,296.24,50,90,1.78,NA,1712094850
491,yeppoon,-23.1333,150.7333,297.03,72,5,3.54,AU,1712094695
492,trosa,58.8962,17.5481,271.38,90,100,10.23,SE,1712094851
493,greymouth,-42.4667,171.2,287.27,78,100,1.6,NZ,1712094851
494,pathein,16.7833,94.7333,298.14,84,3,4.07,MM,1712094851
495,sault ste. marie,46.5168,-84.3333,283.31,36,40,4.63,CA,1712094571
496,sovetskaya gavan',48.9723,140.2878,270.99,83,73,1.91,RU,1712094852
497,babu,24.4167,111.5167,296.01,96,37,1.72,CN,1712094852
498,nabire,-3.3667,135.4833,298.38,93,97,0.68,ID,1712094852
499,biltine,14.5333,20.9167,301.83,11,80,3.41,TD,1712094853
500,mont-laurier,46.5501,-75.4993,284.94,46,12,3.98,CA,1712094568
501,dongfeng,42.6403,125.5118,274.54,43,95,2.01,CN,1712094853
502,totness,5.8833,-56.3167,300.68,81,91,6.63,SR,1712094853
503,clarksville,36.5298,-87.3595,296.45,84,75,5.66,US,1712094609
504,nelson bay,-32.7167,152.15,291.48,84,43,4.47,AU,1712094854
505,recani,31.2846,-4.2688,295.45,14,39,3.3,MA,1712094854
506,kavieng,-2.5744,150.7967,301.73,76,100,4.91,PG,1712094854
507,suixi,33.8907,116.7747,284.05,85,100,4.47,CN,1712094854
508,elesbao veloso,-6.2019,-42.1403,298.24,90,100,0.88,BR,1712094855
509,lethbridge,49.7,-112.8186,292.42,34,75,10.8,CA,1712094715
510,akureyri,65.6835,-18.0878,264.11,79,0,2.06,IS,1712094855
511,cidreira,-30.1811,-50.2056,294.83,82,99,3.54,BR,1712094855
512,warrnambool,-38.3833,142.4833,286.9,82,88,4.59,AU,1712094580
513,sur,22.5667,59.5289,299.7,46,89,2.53,OM,1712094856
514,de aar,-30.6497,24.0123,291.08,32,7,3.61,ZA,1712094856
515,betong,5.7743,101.0723,295.95,99,52,0.72,TH,1712094856
516,okehampton,50.7384,-4.0016,284.4,95,100,8.19,GB,1712094856
517,kazanskoye,55.6448,69.235,273.04,96,72,6.22,RU,1712094856
518,salida,37.7058,-121.0849,298.79,41,0,3.09,US,1712094857
519,acarau,-2.8856,-40.12,299.98,87,100,2.66,BR,1712094758
520,nahiyat ash shinafiyah,31.5874,44.6602,297.63,20,99,3.53,IQ,1712094857
521,saint-joseph,-21.3667,55.6167,297.36,82,98,7.26,RE,1712094857
522,chyhyryn,49.0838,32.6555,284.88,62,52,8.82,UA,1712094857
523,sirinhaem,-8.5908,-35.1161,300.73,81,52,2.24,BR,1712094668
524,pavia,45.1845,9.1615,286.87,63,39,0.95,IT,1712094858
525,wulingyuan,29.3494,110.5441,288.93,95,100,2.45,CN,1712094858
526,fauske,67.2588,15.3918,266.17,87,3,3.32,NO,1712094858
527,rolla,37.9514,-91.7713,280.4,84,100,7.2,US,1712094858
528,leer,53.2316,7.461,282.67,97,64,3.38,DE,1712094859
529,christchurch,-43.5333,172.6333,290.05,79,88,7.2,NZ,1712094838
530,ulsteinvik,62.3432,5.8487,276.35,55,67,5.81,NO,1712094859
531,sumbe,-11.2061,13.8437,299.74,87,99,2.28,AO,1712094859
532,newman,37.3138,-121.0208,297.73,41,0,1.34,US,1712094859
533,castillos,-34.1667,-53.8333,288.29,73,19,2.6,UY,1712094860
534,maibong,25.3,93.1667,293.36,76,45,1.51,IN,1712094860
535,vizinga,61.0749,50.1031,273.55,95,100,2.81,RU,1712094860
536,olinda,-8.0089,-34.8553,303.0,79,40,3.6,BR,1712094860
537,plettenberg bay,-34.0527,23.3716,288.93,86,79,2.08,ZA,1712094860
538,dunbar,38.3606,-81.7374,293.18,92,75,2.57,US,1712094603
539,rongelap,11.1635,166.8941,299.81,81,100,7.76,MH,1712094861
540,westport,41.1415,-73.3579,281.05,89,100,8.23,US,1712094838
541,hassi messaoud,31.6804,6.0729,297.07,31,0,2.06,DZ,1712094861
542,hola,51.5377,23.1902,282.25,78,100,8.93,PL,1712094861
543,ouadda,8.0777,22.4007,302.37,36,100,1.75,CF,1712094862
544,taoudenni,22.6783,-3.9836,305.91,14,7,5.99,ML,1712094862
545,darnah,32.767,22.6367,293.14,49,0,2.7,LY,1712094862
546,lhasa,29.65,91.1,278.78,54,60,2.07,CN,1712094776
547,arno,60.1167,18.6333,272.47,89,100,12.1,SE,1712094862
548,tosontsengel,48.7567,98.2839,262.13,91,45,1.08,MN,1712094863
549,kiunga,-6.1219,141.2906,297.7,98,93,0.11,PG,1712094863
550,sorsk,54.0033,90.2467,273.04,79,100,1.28,RU,1712094863
551,tateyama,34.9833,139.8667,289.11,77,75,1.03,JP,1712094863
552,kimbe,-5.5502,150.1429,300.31,87,99,0.39,PG,1712094863
553,luderitz,-26.6481,15.1594,290.8,73,1,1.61,NA,1712094864
554,kirensk,57.7853,108.1119,257.02,99,70,1.34,RU,1712094864
555,lensk,60.7253,114.9278,267.68,95,99,3.32,RU,1712094864
556,sarakhs,36.5449,61.1577,285.18,47,30,1.29,IR,1712094864
557,angleton,29.1694,-95.4319,302.17,30,0,4.63,US,1712094864
558,winburg,-28.518,27.0093,289.36,50,37,1.15,ZA,1712094865
559,alice springs,-23.7,133.8833,291.05,49,0,2.57,AU,1712094865
560,north shore,-36.8,174.75,294.48,81,3,1.79,NZ,1712094865
561,ploermel,47.9317,-2.3978,284.51,97,100,7.66,FR,1712094865
562,suwayr,30.1171,40.3893,291.67,20,24,2.2,SA,1712094865
563,kununurra,-15.7667,128.7333,299.14,94,100,0.0,AU,1712094866
564,araripina,-7.5761,-40.4983,296.49,87,100,1.29,BR,1712094866
565,sao felix do xingu,-6.6447,-51.995,297.56,97,86,0.39,BR,1712094866
566,sechura,-5.5569,-80.8222,299.42,63,100,6.38,PE,1712094866
567,muroto-misakicho,33.2833,134.15,290.73,91,100,6.26,JP,1712094867
